<?xml version="1.0" encoding="UTF-8" standalone="no"?>
<bindings xmlns="http://java.sun.com/xml/ns/jaxb" if-exists="true" version="2.1">
  <!--

This file was generated by the JavaTM Architecture for XML Binding(JAXB) Reference Implementation, v2.2.11 
See <a href="http://java.sun.com/xml/jaxb">http://java.sun.com/xml/jaxb</a> 
Any modifications to this file will be lost upon recompilation of the source schema. 
Generated on: 2018.09.12 at 09:40:52 AM IST 

  -->
  <bindings xmlns:tns="http://soap.ameya.com/student" if-exists="true" scd="x-schema::tns">
    <schemaBindings map="false">
      <package name="com.ameya.soap.student"/>
    </schemaBindings>
    <bindings if-exists="true" scd="tns:StudentDetailsRequest">
      <class ref="com.ameya.soap.student.StudentDetailsRequest"/>
    </bindings>
    <bindings if-exists="true" scd="tns:StudentDetailsResponse">
      <class ref="com.ameya.soap.student.StudentDetailsResponse"/>
    </bindings>
    <bindings if-exists="true" scd="~tns:Student">
      <class ref="com.ameya.soap.student.Student"/>
    </bindings>
  </bindings>
</bindings>
